{"threshold": 16.3313045501709, "computed_ts": 1779264060.3686917}